常数, 源的信号带宽/Hz, 时间偏移的高斯分布标准差
    , 1e6, 1

源编号, 方向矢量分量-x, 分量-y, 分量-z, 频率/Hz, 强度/振幅,
1, 0, 0, 1, 0, 1
2, 0.70710678, -0.5, -0.5, 2e6, 1
3, -0.70710678, 0.5, -0.5, 4e6, 2

台站编号, 台站位置分量-x, 分量-y, 分量-z,
1, 0, 0, 0,
2, 173.20508076, 173.20508076, 173.20508076,
3, -86.60254038, 86.60254038, 519.61524227,
4, -346.41026151, 173.20508076, 173.20508076,
5, -173.20508076, 259.80762114, 433.01270189,
